"matchday","homeTeamName","homeTeamId","awayTeamName","awayTeamId","FTHG","FTAG","FTR","date","UTCtime","status"
1,"Fortuna Sittard",1920,"Go Ahead Eagles",718,2,2,"D","2025-08-08","18:00:00","FINISHED"
1,"NEC",1915,"SBV Excelsior",670,5,0,"H","2025-08-09","14:30:00","FINISHED"
1,"Feyenoord Rotterdam",675,"NAC Breda",681,2,0,"H","2025-08-09","16:45:00","FINISHED"
1,"SC Heerenveen",673,"FC Volendam",1919,1,1,"D","2025-08-09","18:00:00","FINISHED"
1,"PSV",674,"Sparta Rotterdam",6806,6,1,"H","2025-08-09","19:00:00","FINISHED"
1,"PEC Zwolle",684,"FC Twente '65",666,1,0,"H","2025-08-10","10:15:00","FINISHED"
1,"AFC Ajax",678,"Telstar 1963",1912,2,0,"H","2025-08-10","12:30:00","FINISHED"
1,"AZ",682,"FC Groningen",677,4,1,"H","2025-08-10","12:30:00","FINISHED"
1,"FC Utrecht",676,"Heracles Almelo",671,4,0,"H","2025-08-10","14:45:00","FINISHED"
2,"Telstar 1963",1912,"PEC Zwolle",684,0,2,"A","2025-08-15","18:00:00","FINISHED"
2,"SBV Excelsior",670,"Feyenoord Rotterdam",675,1,2,"A","2025-08-16","16:45:00","FINISHED"
2,"Heracles Almelo",671,"NEC",1915,1,4,"A","2025-08-16","18:00:00","FINISHED"
2,"FC Groningen",677,"SC Heerenveen",673,2,1,"H","2025-08-16","19:00:00","FINISHED"
2,"Go Ahead Eagles",718,"AFC Ajax",678,2,2,"D","2025-08-17","10:15:00","FINISHED"
2,"Sparta Rotterdam",6806,"FC Utrecht",676,2,1,"H","2025-08-17","12:30:00","FINISHED"
2,"FC Twente '65",666,"PSV",674,0,2,"A","2025-08-17","12:30:00","FINISHED"
2,"FC Volendam",1919,"AZ",682,2,2,"D","2025-08-17","14:45:00","FINISHED"
2,"NAC Breda",681,"Fortuna Sittard",1920,2,1,"H","2025-08-17","18:00:00","FINISHED"
3,"Go Ahead Eagles",718,"Sparta Rotterdam",6806,0,3,"A","2025-08-23","14:30:00","FINISHED"
3,"PSV",674,"FC Groningen",677,4,2,"H","2025-08-23","16:45:00","FINISHED"
3,"Telstar 1963",1912,"FC Volendam",1919,2,2,"D","2025-08-23","19:00:00","FINISHED"
3,"SC Heerenveen",673,"FC Twente '65",666,1,2,"A","2025-08-24","10:15:00","FINISHED"
3,"FC Utrecht",676,"SBV Excelsior",670,4,1,"H","2025-08-24","12:30:00","FINISHED"
3,"NEC",1915,"NAC Breda",681,3,0,"H","2025-08-24","12:30:00","FINISHED"
3,"AFC Ajax",678,"Heracles Almelo",671,2,0,"H","2025-08-24","14:45:00","FINISHED"
4,"FC Groningen",677,"Heracles Almelo",671,4,0,"H","2025-08-29","18:00:00","FINISHED"
4,"FC Volendam",1919,"AFC Ajax",678,1,1,"D","2025-08-30","14:30:00","FINISHED"
4,"SC Heerenveen",673,"Go Ahead Eagles",718,2,2,"D","2025-08-30","16:45:00","FINISHED"
4,"PSV",674,"Telstar 1963",1912,0,2,"A","2025-08-30","18:00:00","FINISHED"
4,"SBV Excelsior",670,"FC Twente '65",666,1,0,"H","2025-08-30","19:00:00","FINISHED"
4,"Fortuna Sittard",1920,"NEC",1915,3,2,"H","2025-08-31","10:15:00","FINISHED"
4,"PEC Zwolle",684,"FC Utrecht",676,0,2,"A","2025-08-31","12:30:00","FINISHED"
4,"Sparta Rotterdam",6806,"Feyenoord Rotterdam",675,0,4,"A","2025-08-31","12:30:00","FINISHED"
4,"NAC Breda",681,"AZ",682,0,1,"A","2025-08-31","14:45:00","FINISHED"
5,"AFC Ajax",678,"PEC Zwolle",684,3,1,"H","2025-09-13","14:30:00","FINISHED"
5,"NEC",1915,"PSV",674,3,5,"A","2025-09-13","16:45:00","FINISHED"
5,"Go Ahead Eagles",718,"FC Volendam",1919,3,0,"H","2025-09-13","17:10:00","FINISHED"
5,"Feyenoord Rotterdam",675,"SC Heerenveen",673,1,0,"H","2025-09-13","19:00:00","FINISHED"
5,"FC Twente '65",666,"NAC Breda",681,2,2,"D","2025-09-13","19:00:00","FINISHED"
5,"SBV Excelsior",670,"Sparta Rotterdam",6806,0,1,"A","2025-09-14","10:15:00","FINISHED"
5,"FC Utrecht",676,"FC Groningen",677,0,1,"A","2025-09-14","12:30:00","FINISHED"
5,"Heracles Almelo",671,"AZ",682,1,2,"A","2025-09-14","12:30:00","FINISHED"
5,"Telstar 1963",1912,"Fortuna Sittard",1920,1,3,"A","2025-09-14","14:45:00","FINISHED"
3,"Feyenoord Rotterdam",675,"Fortuna Sittard",1920,2,0,"H","2025-09-17","18:00:00","FINISHED"
6,"Sparta Rotterdam",6806,"FC Twente '65",666,1,5,"A","2025-09-19","18:00:00","FINISHED"
6,"FC Volendam",1919,"SBV Excelsior",670,1,2,"A","2025-09-20","14:30:00","FINISHED"
6,"FC Groningen",677,"Telstar 1963",1912,2,0,"H","2025-09-20","16:45:00","FINISHED"
6,"Fortuna Sittard",1920,"FC Utrecht",676,1,0,"H","2025-09-20","18:00:00","FINISHED"
6,"NAC Breda",681,"Heracles Almelo",671,2,1,"H","2025-09-20","19:00:00","FINISHED"
6,"PEC Zwolle",684,"Go Ahead Eagles",718,0,2,"A","2025-09-21","10:15:00","FINISHED"
6,"PSV",674,"AFC Ajax",678,2,2,"D","2025-09-21","12:30:00","FINISHED"
6,"SC Heerenveen",673,"NEC",1915,3,2,"H","2025-09-21","12:30:00","FINISHED"
6,"AZ",682,"Feyenoord Rotterdam",675,3,3,"D","2025-09-21","14:45:00","FINISHED"
3,"AZ",682,"PEC Zwolle",684,2,2,"D","2025-09-24","18:00:00","FINISHED"
7,"FC Twente '65",666,"Fortuna Sittard",1920,3,2,"H","2025-09-26","18:00:00","FINISHED"
7,"AFC Ajax",678,"NAC Breda",681,2,1,"H","2025-09-27","14:30:00","FINISHED"
7,"FC Volendam",1919,"PEC Zwolle",684,2,1,"H","2025-09-27","16:45:00","FINISHED"
7,"SBV Excelsior",670,"PSV",674,1,2,"A","2025-09-27","18:00:00","FINISHED"
7,"Heracles Almelo",671,"Sparta Rotterdam",6806,3,0,"H","2025-09-27","19:00:00","FINISHED"
7,"NEC",1915,"AZ",682,2,1,"H","2025-09-28","10:15:00","FINISHED"
7,"FC Groningen",677,"Feyenoord Rotterdam",675,0,1,"A","2025-09-28","12:30:00","FINISHED"
7,"FC Utrecht",676,"SC Heerenveen",673,2,2,"D","2025-09-28","12:30:00","FINISHED"
7,"Telstar 1963",1912,"Go Ahead Eagles",718,4,2,"H","2025-09-28","14:45:00","FINISHED"
8,"NAC Breda",681,"FC Groningen",677,1,2,"A","2025-10-03","18:00:00","FINISHED"
8,"Sparta Rotterdam",6806,"AFC Ajax",678,3,3,"D","2025-10-04","14:30:00","FINISHED"
8,"Fortuna Sittard",1920,"FC Volendam",1919,1,0,"H","2025-10-04","16:45:00","FINISHED"
8,"PEC Zwolle",684,"PSV",674,0,4,"A","2025-10-04","18:00:00","FINISHED"
8,"SC Heerenveen",673,"SBV Excelsior",670,2,1,"H","2025-10-04","19:00:00","FINISHED"
8,"FC Twente '65",666,"Heracles Almelo",671,2,1,"H","2025-10-05","10:15:00","FINISHED"
8,"Feyenoord Rotterdam",675,"FC Utrecht",676,3,2,"H","2025-10-05","12:30:00","FINISHED"
8,"AZ",682,"Telstar 1963",1912,2,1,"H","2025-10-05","14:45:00","FINISHED"
8,"Go Ahead Eagles",718,"NEC",1915,1,1,"D","2025-10-05","18:00:00","FINISHED"
9,"NEC",1915,"FC Twente '65",666,3,3,"D","2025-10-18","14:30:00","FINISHED"
9,"FC Utrecht",676,"FC Volendam",1919,3,1,"H","2025-10-18","16:45:00","FINISHED"
9,"PSV",674,"Go Ahead Eagles",718,2,1,"H","2025-10-18","16:45:00","FINISHED"
9,"AFC Ajax",678,"AZ",682,0,2,"A","2025-10-18","19:00:00","FINISHED"
9,"NAC Breda",681,"PEC Zwolle",684,2,2,"D","2025-10-18","19:00:00","FINISHED"
9,"Telstar 1963",1912,"SC Heerenveen",673,2,3,"A","2025-10-19","10:15:00","FINISHED"
9,"FC Groningen",677,"Sparta Rotterdam",6806,0,2,"A","2025-10-19","12:30:00","FINISHED"
9,"SBV Excelsior",670,"Fortuna Sittard",1920,1,0,"H","2025-10-19","12:30:00","FINISHED"
9,"Heracles Almelo",671,"Feyenoord Rotterdam",675,0,7,"A","2025-10-19","14:45:00","FINISHED"
10,"SC Heerenveen",673,"NAC Breda",681,3,3,"D","2025-10-24","18:00:00","FINISHED"
10,"Fortuna Sittard",1920,"FC Groningen",677,1,2,"A","2025-10-25","14:30:00","FINISHED"
10,"Sparta Rotterdam",6806,"Telstar 1963",1912,1,0,"H","2025-10-25","16:45:00","FINISHED"
10,"FC Volendam",1919,"Heracles Almelo",671,3,0,"H","2025-10-25","18:00:00","FINISHED"
10,"PEC Zwolle",684,"NEC",1915,2,2,"D","2025-10-25","19:00:00","FINISHED"
10,"FC Twente '65",666,"AFC Ajax",678,2,3,"A","2025-10-26","11:15:00","FINISHED"
10,"Feyenoord Rotterdam",675,"PSV",674,2,3,"A","2025-10-26","13:30:00","FINISHED"
10,"AZ",682,"FC Utrecht",676,4,1,"H","2025-10-26","15:45:00","FINISHED"
10,"Go Ahead Eagles",718,"SBV Excelsior",670,2,0,"H","2025-10-26","19:00:00","FINISHED"
11,"PSV",674,"Fortuna Sittard",1920,5,2,"H","2025-10-31","19:00:00","FINISHED"
11,"AFC Ajax",678,"SC Heerenveen",673,1,1,"D","2025-11-01","15:30:00","FINISHED"
11,"NAC Breda",681,"Go Ahead Eagles",718,1,0,"H","2025-11-01","17:45:00","FINISHED"
11,"Feyenoord Rotterdam",675,"FC Volendam",1919,3,1,"H","2025-11-01","19:00:00","FINISHED"
11,"Telstar 1963",1912,"SBV Excelsior",670,2,2,"D","2025-11-01","20:00:00","FINISHED"
11,"Heracles Almelo",671,"PEC Zwolle",684,NA,NA,NA,"2025-11-02","11:15:00","TIMED"
11,"FC Groningen",677,"FC Twente '65",666,NA,NA,NA,"2025-11-02","13:30:00","TIMED"
11,"Sparta Rotterdam",6806,"AZ",682,NA,NA,NA,"2025-11-02","13:30:00","TIMED"
11,"FC Utrecht",676,"NEC",1915,NA,NA,NA,"2025-11-02","15:45:00","TIMED"
12,"FC Twente '65",666,"Telstar 1963",1912,NA,NA,NA,"2025-11-07","19:00:00","TIMED"
12,"SBV Excelsior",670,"Heracles Almelo",671,NA,NA,NA,"2025-11-08","15:30:00","TIMED"
12,"FC Volendam",1919,"NAC Breda",681,NA,NA,NA,"2025-11-08","17:45:00","TIMED"
12,"Fortuna Sittard",1920,"SC Heerenveen",673,NA,NA,NA,"2025-11-08","19:00:00","TIMED"
12,"PEC Zwolle",684,"Sparta Rotterdam",6806,NA,NA,NA,"2025-11-08","20:00:00","TIMED"
12,"FC Utrecht",676,"AFC Ajax",678,NA,NA,NA,"2025-11-09","11:15:00","TIMED"
12,"NEC",1915,"FC Groningen",677,NA,NA,NA,"2025-11-09","13:30:00","TIMED"
12,"AZ",682,"PSV",674,NA,NA,NA,"2025-11-09","15:45:00","TIMED"
12,"Go Ahead Eagles",718,"Feyenoord Rotterdam",675,NA,NA,NA,"2025-11-09","19:00:00","TIMED"
13,"NAC Breda",681,"PSV",674,NA,NA,NA,"2025-11-22","15:30:00","TIMED"
13,"AFC Ajax",678,"SBV Excelsior",670,NA,NA,NA,"2025-11-22","17:45:00","TIMED"
13,"FC Volendam",1919,"FC Twente '65",666,NA,NA,NA,"2025-11-22","17:45:00","TIMED"
13,"Heracles Almelo",671,"Go Ahead Eagles",718,NA,NA,NA,"2025-11-22","20:00:00","TIMED"
13,"Sparta Rotterdam",6806,"Fortuna Sittard",1920,NA,NA,NA,"2025-11-22","20:00:00","TIMED"
13,"SC Heerenveen",673,"AZ",682,NA,NA,NA,"2025-11-23","11:15:00","TIMED"
13,"Feyenoord Rotterdam",675,"NEC",1915,NA,NA,NA,"2025-11-23","13:30:00","TIMED"
13,"Telstar 1963",1912,"FC Utrecht",676,NA,NA,NA,"2025-11-23","13:30:00","TIMED"
13,"FC Groningen",677,"PEC Zwolle",684,NA,NA,NA,"2025-11-23","15:45:00","TIMED"
14,"PEC Zwolle",684,"SC Heerenveen",673,NA,NA,NA,"2025-11-28","19:00:00","TIMED"
14,"SBV Excelsior",670,"NAC Breda",681,NA,NA,NA,"2025-11-29","15:30:00","TIMED"
14,"Fortuna Sittard",1920,"Heracles Almelo",671,NA,NA,NA,"2025-11-29","17:45:00","TIMED"
14,"NEC",1915,"Sparta Rotterdam",6806,NA,NA,NA,"2025-11-29","20:00:00","TIMED"
14,"PSV",674,"FC Volendam",1919,NA,NA,NA,"2025-11-30","11:15:00","TIMED"
14,"Go Ahead Eagles",718,"FC Utrecht",676,NA,NA,NA,"2025-11-30","13:30:00","TIMED"
14,"Telstar 1963",1912,"Feyenoord Rotterdam",675,NA,NA,NA,"2025-11-30","13:30:00","TIMED"
14,"FC Twente '65",666,"AZ",682,NA,NA,NA,"2025-11-30","15:45:00","TIMED"
14,"AFC Ajax",678,"FC Groningen",677,NA,NA,NA,"2025-11-30","19:00:00","TIMED"
15,"SBV Excelsior",670,"FC Groningen",677,NA,NA,NA,"2025-12-05","19:00:00","TIMED"
15,"SC Heerenveen",673,"PSV",674,NA,NA,NA,"2025-12-06","15:30:00","TIMED"
15,"Fortuna Sittard",1920,"AFC Ajax",678,NA,NA,NA,"2025-12-06","17:45:00","TIMED"
15,"Heracles Almelo",671,"Telstar 1963",1912,NA,NA,NA,"2025-12-06","19:00:00","TIMED"
15,"Feyenoord Rotterdam",675,"PEC Zwolle",684,NA,NA,NA,"2025-12-06","20:00:00","TIMED"
15,"FC Utrecht",676,"FC Twente '65",666,NA,NA,NA,"2025-12-07","11:15:00","TIMED"
15,"AZ",682,"Go Ahead Eagles",718,NA,NA,NA,"2025-12-07","13:30:00","TIMED"
15,"FC Volendam",1919,"NEC",1915,NA,NA,NA,"2025-12-07","13:30:00","TIMED"
15,"Sparta Rotterdam",6806,"NAC Breda",681,NA,NA,NA,"2025-12-07","15:45:00","TIMED"
16,"Telstar 1963",1912,"NEC",1915,NA,NA,NA,"2025-12-13","15:30:00","TIMED"
16,"FC Groningen",677,"FC Volendam",1919,NA,NA,NA,"2025-12-13","17:45:00","TIMED"
16,"PSV",674,"Heracles Almelo",671,NA,NA,NA,"2025-12-13","19:00:00","TIMED"
16,"PEC Zwolle",684,"Fortuna Sittard",1920,NA,NA,NA,"2025-12-13","20:00:00","TIMED"
16,"Sparta Rotterdam",6806,"SC Heerenveen",673,NA,NA,NA,"2025-12-14","11:15:00","TIMED"
16,"AFC Ajax",678,"Feyenoord Rotterdam",675,NA,NA,NA,"2025-12-14","13:30:00","TIMED"
16,"FC Twente '65",666,"Go Ahead Eagles",718,NA,NA,NA,"2025-12-14","13:30:00","TIMED"
16,"AZ",682,"SBV Excelsior",670,NA,NA,NA,"2025-12-14","15:45:00","TIMED"
16,"NAC Breda",681,"FC Utrecht",676,NA,NA,NA,"2025-12-14","15:45:00","TIMED"
17,"Heracles Almelo",671,"SC Heerenveen",673,NA,NA,NA,"2025-12-19","19:00:00","TIMED"
17,"FC Volendam",1919,"Sparta Rotterdam",6806,NA,NA,NA,"2025-12-20","15:30:00","TIMED"
17,"SBV Excelsior",670,"PEC Zwolle",684,NA,NA,NA,"2025-12-20","17:45:00","TIMED"
17,"NEC",1915,"AFC Ajax",678,NA,NA,NA,"2025-12-20","19:00:00","TIMED"
17,"NAC Breda",681,"Telstar 1963",1912,NA,NA,NA,"2025-12-20","20:00:00","TIMED"
17,"FC Utrecht",676,"PSV",674,NA,NA,NA,"2025-12-21","11:15:00","TIMED"
17,"Feyenoord Rotterdam",675,"FC Twente '65",666,NA,NA,NA,"2025-12-21","13:30:00","TIMED"
17,"Go Ahead Eagles",718,"FC Groningen",677,NA,NA,NA,"2025-12-21","13:30:00","TIMED"
17,"Fortuna Sittard",1920,"AZ",682,NA,NA,NA,"2025-12-21","15:45:00","TIMED"
18,"NEC",1915,"FC Utrecht",676,NA,NA,NA,"2026-01-09","19:00:00","TIMED"
18,"AZ",682,"FC Volendam",1919,NA,NA,NA,"2026-01-10","15:30:00","TIMED"
18,"FC Twente '65",666,"PEC Zwolle",684,NA,NA,NA,"2026-01-10","17:45:00","TIMED"
18,"PSV",674,"SBV Excelsior",670,NA,NA,NA,"2026-01-10","19:00:00","TIMED"
18,"FC Groningen",677,"NAC Breda",681,NA,NA,NA,"2026-01-10","20:00:00","TIMED"
18,"SC Heerenveen",673,"Feyenoord Rotterdam",675,NA,NA,NA,"2026-01-11","11:15:00","TIMED"
18,"Telstar 1963",1912,"AFC Ajax",678,NA,NA,NA,"2026-01-11","13:30:00","TIMED"
18,"Go Ahead Eagles",718,"Fortuna Sittard",1920,NA,NA,NA,"2026-01-11","13:30:00","TIMED"
18,"Sparta Rotterdam",6806,"Heracles Almelo",671,NA,NA,NA,"2026-01-11","15:45:00","TIMED"
19,"SBV Excelsior",670,"Telstar 1963",1912,NA,NA,NA,"2026-01-16","19:00:00","TIMED"
19,"AFC Ajax",678,"Go Ahead Eagles",718,NA,NA,NA,"2026-01-17","15:30:00","TIMED"
19,"PEC Zwolle",684,"AZ",682,NA,NA,NA,"2026-01-17","17:45:00","TIMED"
19,"Fortuna Sittard",1920,"PSV",674,NA,NA,NA,"2026-01-17","19:00:00","TIMED"
19,"NAC Breda",681,"NEC",1915,NA,NA,NA,"2026-01-17","20:00:00","TIMED"
19,"SC Heerenveen",673,"FC Groningen",677,NA,NA,NA,"2026-01-18","11:15:00","TIMED"
19,"FC Volendam",1919,"FC Utrecht",676,NA,NA,NA,"2026-01-18","13:30:00","TIMED"
19,"Heracles Almelo",671,"FC Twente '65",666,NA,NA,NA,"2026-01-18","13:30:00","TIMED"
19,"Feyenoord Rotterdam",675,"Sparta Rotterdam",6806,NA,NA,NA,"2026-01-18","15:45:00","TIMED"
20,"AFC Ajax",678,"FC Volendam",1919,NA,NA,NA,"2026-01-24","15:30:00","TIMED"
20,"NEC",1915,"PEC Zwolle",684,NA,NA,NA,"2026-01-24","17:45:00","TIMED"
20,"PSV",674,"NAC Breda",681,NA,NA,NA,"2026-01-24","19:00:00","TIMED"
20,"FC Twente '65",666,"SBV Excelsior",670,NA,NA,NA,"2026-01-24","20:00:00","TIMED"
20,"Telstar 1963",1912,"AZ",682,NA,NA,NA,"2026-01-25","11:15:00","TIMED"
20,"FC Groningen",677,"Fortuna Sittard",1920,NA,NA,NA,"2026-01-25","13:30:00","TIMED"
20,"FC Utrecht",676,"Sparta Rotterdam",6806,NA,NA,NA,"2026-01-25","15:45:00","TIMED"
20,"Feyenoord Rotterdam",675,"Heracles Almelo",671,NA,NA,NA,"2026-01-25","15:45:00","TIMED"
20,"Go Ahead Eagles",718,"SC Heerenveen",673,NA,NA,NA,"2026-01-25","19:00:00","TIMED"
21,"NAC Breda",681,"FC Twente '65",666,NA,NA,NA,"2026-01-30","19:00:00","TIMED"
21,"AZ",682,"NEC",1915,NA,NA,NA,"2026-01-31","15:30:00","TIMED"
21,"PEC Zwolle",684,"Telstar 1963",1912,NA,NA,NA,"2026-01-31","17:45:00","TIMED"
21,"Sparta Rotterdam",6806,"FC Groningen",677,NA,NA,NA,"2026-01-31","20:00:00","TIMED"
21,"SBV Excelsior",670,"AFC Ajax",678,NA,NA,NA,"2026-02-01","11:15:00","TIMED"
21,"Heracles Almelo",671,"Fortuna Sittard",1920,NA,NA,NA,"2026-02-01","13:30:00","TIMED"
21,"PSV",674,"Feyenoord Rotterdam",675,NA,NA,NA,"2026-02-01","13:30:00","TIMED"
21,"SC Heerenveen",673,"FC Utrecht",676,NA,NA,NA,"2026-02-01","15:45:00","TIMED"
21,"FC Volendam",1919,"Go Ahead Eagles",718,NA,NA,NA,"2026-02-01","19:00:00","TIMED"
22,"AZ",682,"AFC Ajax",678,NA,NA,NA,"2026-02-07","00:00:00","SCHEDULED"
22,"FC Groningen",677,"PSV",674,NA,NA,NA,"2026-02-07","00:00:00","SCHEDULED"
22,"FC Utrecht",676,"Feyenoord Rotterdam",675,NA,NA,NA,"2026-02-07","00:00:00","SCHEDULED"
22,"Fortuna Sittard",1920,"Sparta Rotterdam",6806,NA,NA,NA,"2026-02-07","00:00:00","SCHEDULED"
22,"Go Ahead Eagles",718,"Telstar 1963",1912,NA,NA,NA,"2026-02-07","00:00:00","SCHEDULED"
22,"NAC Breda",681,"SBV Excelsior",670,NA,NA,NA,"2026-02-07","00:00:00","SCHEDULED"
22,"NEC",1915,"Heracles Almelo",671,NA,NA,NA,"2026-02-07","00:00:00","SCHEDULED"
22,"PEC Zwolle",684,"FC Volendam",1919,NA,NA,NA,"2026-02-07","00:00:00","SCHEDULED"
22,"FC Twente '65",666,"SC Heerenveen",673,NA,NA,NA,"2026-02-07","00:00:00","SCHEDULED"
23,"AFC Ajax",678,"Fortuna Sittard",1920,NA,NA,NA,"2026-02-14","00:00:00","SCHEDULED"
23,"SBV Excelsior",670,"AZ",682,NA,NA,NA,"2026-02-14","00:00:00","SCHEDULED"
23,"FC Groningen",677,"FC Utrecht",676,NA,NA,NA,"2026-02-14","00:00:00","SCHEDULED"
23,"FC Volendam",1919,"PSV",674,NA,NA,NA,"2026-02-14","00:00:00","SCHEDULED"
23,"Feyenoord Rotterdam",675,"Go Ahead Eagles",718,NA,NA,NA,"2026-02-14","00:00:00","SCHEDULED"
23,"Heracles Almelo",671,"NAC Breda",681,NA,NA,NA,"2026-02-14","00:00:00","SCHEDULED"
23,"SC Heerenveen",673,"PEC Zwolle",684,NA,NA,NA,"2026-02-14","00:00:00","SCHEDULED"
23,"Sparta Rotterdam",6806,"NEC",1915,NA,NA,NA,"2026-02-14","00:00:00","SCHEDULED"
23,"Telstar 1963",1912,"FC Twente '65",666,NA,NA,NA,"2026-02-14","00:00:00","SCHEDULED"
24,"AFC Ajax",678,"NEC",1915,NA,NA,NA,"2026-02-21","00:00:00","SCHEDULED"
24,"AZ",682,"Sparta Rotterdam",6806,NA,NA,NA,"2026-02-21","00:00:00","SCHEDULED"
24,"FC Utrecht",676,"PEC Zwolle",684,NA,NA,NA,"2026-02-21","00:00:00","SCHEDULED"
24,"Feyenoord Rotterdam",675,"Telstar 1963",1912,NA,NA,NA,"2026-02-21","00:00:00","SCHEDULED"
24,"Fortuna Sittard",1920,"SBV Excelsior",670,NA,NA,NA,"2026-02-21","00:00:00","SCHEDULED"
24,"Go Ahead Eagles",718,"Heracles Almelo",671,NA,NA,NA,"2026-02-21","00:00:00","SCHEDULED"
24,"NAC Breda",681,"FC Volendam",1919,NA,NA,NA,"2026-02-21","00:00:00","SCHEDULED"
24,"PSV",674,"SC Heerenveen",673,NA,NA,NA,"2026-02-21","00:00:00","SCHEDULED"
24,"FC Twente '65",666,"FC Groningen",677,NA,NA,NA,"2026-02-21","00:00:00","SCHEDULED"
25,"SBV Excelsior",670,"Go Ahead Eagles",718,NA,NA,NA,"2026-02-28","00:00:00","SCHEDULED"
25,"FC Utrecht",676,"AZ",682,NA,NA,NA,"2026-02-28","00:00:00","SCHEDULED"
25,"FC Volendam",1919,"FC Groningen",677,NA,NA,NA,"2026-02-28","00:00:00","SCHEDULED"
25,"Heracles Almelo",671,"PSV",674,NA,NA,NA,"2026-02-28","00:00:00","SCHEDULED"
25,"NEC",1915,"Fortuna Sittard",1920,NA,NA,NA,"2026-02-28","00:00:00","SCHEDULED"
25,"PEC Zwolle",684,"AFC Ajax",678,NA,NA,NA,"2026-02-28","00:00:00","SCHEDULED"
25,"SC Heerenveen",673,"Sparta Rotterdam",6806,NA,NA,NA,"2026-02-28","00:00:00","SCHEDULED"
25,"Telstar 1963",1912,"NAC Breda",681,NA,NA,NA,"2026-02-28","00:00:00","SCHEDULED"
25,"FC Twente '65",666,"Feyenoord Rotterdam",675,NA,NA,NA,"2026-02-28","00:00:00","SCHEDULED"
26,"SBV Excelsior",670,"SC Heerenveen",673,NA,NA,NA,"2026-03-07","00:00:00","SCHEDULED"
26,"FC Groningen",677,"AFC Ajax",678,NA,NA,NA,"2026-03-07","00:00:00","SCHEDULED"
26,"Fortuna Sittard",1920,"Telstar 1963",1912,NA,NA,NA,"2026-03-07","00:00:00","SCHEDULED"
26,"Go Ahead Eagles",718,"FC Twente '65",666,NA,NA,NA,"2026-03-07","00:00:00","SCHEDULED"
26,"Heracles Almelo",671,"FC Utrecht",676,NA,NA,NA,"2026-03-07","00:00:00","SCHEDULED"
26,"NAC Breda",681,"Feyenoord Rotterdam",675,NA,NA,NA,"2026-03-07","00:00:00","SCHEDULED"
26,"NEC",1915,"FC Volendam",1919,NA,NA,NA,"2026-03-07","00:00:00","SCHEDULED"
26,"PSV",674,"AZ",682,NA,NA,NA,"2026-03-07","00:00:00","SCHEDULED"
26,"Sparta Rotterdam",6806,"PEC Zwolle",684,NA,NA,NA,"2026-03-07","00:00:00","SCHEDULED"
27,"AFC Ajax",678,"Sparta Rotterdam",6806,NA,NA,NA,"2026-03-14","00:00:00","SCHEDULED"
27,"AZ",682,"Heracles Almelo",671,NA,NA,NA,"2026-03-14","00:00:00","SCHEDULED"
27,"FC Volendam",1919,"Fortuna Sittard",1920,NA,NA,NA,"2026-03-14","00:00:00","SCHEDULED"
27,"Feyenoord Rotterdam",675,"SBV Excelsior",670,NA,NA,NA,"2026-03-14","00:00:00","SCHEDULED"
27,"Go Ahead Eagles",718,"NAC Breda",681,NA,NA,NA,"2026-03-14","00:00:00","SCHEDULED"
27,"PEC Zwolle",684,"FC Groningen",677,NA,NA,NA,"2026-03-14","00:00:00","SCHEDULED"
27,"PSV",674,"NEC",1915,NA,NA,NA,"2026-03-14","00:00:00","SCHEDULED"
27,"SC Heerenveen",673,"Telstar 1963",1912,NA,NA,NA,"2026-03-14","00:00:00","SCHEDULED"
27,"FC Twente '65",666,"FC Utrecht",676,NA,NA,NA,"2026-03-14","00:00:00","SCHEDULED"
28,"FC Groningen",677,"AZ",682,NA,NA,NA,"2026-03-21","00:00:00","SCHEDULED"
28,"FC Utrecht",676,"Go Ahead Eagles",718,NA,NA,NA,"2026-03-21","00:00:00","SCHEDULED"
28,"Feyenoord Rotterdam",675,"AFC Ajax",678,NA,NA,NA,"2026-03-21","00:00:00","SCHEDULED"
28,"Fortuna Sittard",1920,"FC Twente '65",666,NA,NA,NA,"2026-03-21","00:00:00","SCHEDULED"
28,"Heracles Almelo",671,"SBV Excelsior",670,NA,NA,NA,"2026-03-21","00:00:00","SCHEDULED"
28,"NEC",1915,"SC Heerenveen",673,NA,NA,NA,"2026-03-21","00:00:00","SCHEDULED"
28,"PEC Zwolle",684,"NAC Breda",681,NA,NA,NA,"2026-03-21","00:00:00","SCHEDULED"
28,"Sparta Rotterdam",6806,"FC Volendam",1919,NA,NA,NA,"2026-03-21","00:00:00","SCHEDULED"
28,"Telstar 1963",1912,"PSV",674,NA,NA,NA,"2026-03-21","00:00:00","SCHEDULED"
29,"AFC Ajax",678,"FC Twente '65",666,NA,NA,NA,"2026-04-04","00:00:00","SCHEDULED"
29,"AZ",682,"Fortuna Sittard",1920,NA,NA,NA,"2026-04-04","00:00:00","SCHEDULED"
29,"SBV Excelsior",670,"NEC",1915,NA,NA,NA,"2026-04-04","00:00:00","SCHEDULED"
29,"FC Volendam",1919,"Feyenoord Rotterdam",675,NA,NA,NA,"2026-04-04","00:00:00","SCHEDULED"
29,"Go Ahead Eagles",718,"PEC Zwolle",684,NA,NA,NA,"2026-04-04","00:00:00","SCHEDULED"
29,"NAC Breda",681,"Sparta Rotterdam",6806,NA,NA,NA,"2026-04-04","00:00:00","SCHEDULED"
29,"PSV",674,"FC Utrecht",676,NA,NA,NA,"2026-04-04","00:00:00","SCHEDULED"
29,"SC Heerenveen",673,"Heracles Almelo",671,NA,NA,NA,"2026-04-04","00:00:00","SCHEDULED"
29,"Telstar 1963",1912,"FC Groningen",677,NA,NA,NA,"2026-04-04","00:00:00","SCHEDULED"
30,"AZ",682,"SC Heerenveen",673,NA,NA,NA,"2026-04-11","00:00:00","SCHEDULED"
30,"FC Groningen",677,"Go Ahead Eagles",718,NA,NA,NA,"2026-04-11","00:00:00","SCHEDULED"
30,"FC Utrecht",676,"Telstar 1963",1912,NA,NA,NA,"2026-04-11","00:00:00","SCHEDULED"
30,"Fortuna Sittard",1920,"NAC Breda",681,NA,NA,NA,"2026-04-11","00:00:00","SCHEDULED"
30,"Heracles Almelo",671,"AFC Ajax",678,NA,NA,NA,"2026-04-11","00:00:00","SCHEDULED"
30,"NEC",1915,"Feyenoord Rotterdam",675,NA,NA,NA,"2026-04-11","00:00:00","SCHEDULED"
30,"PEC Zwolle",684,"SBV Excelsior",670,NA,NA,NA,"2026-04-11","00:00:00","SCHEDULED"
30,"Sparta Rotterdam",6806,"PSV",674,NA,NA,NA,"2026-04-11","00:00:00","SCHEDULED"
30,"FC Twente '65",666,"FC Volendam",1919,NA,NA,NA,"2026-04-11","00:00:00","SCHEDULED"
31,"SBV Excelsior",670,"FC Utrecht",676,NA,NA,NA,"2026-04-23","00:00:00","SCHEDULED"
31,"Feyenoord Rotterdam",675,"FC Groningen",677,NA,NA,NA,"2026-04-23","00:00:00","SCHEDULED"
31,"Go Ahead Eagles",718,"AZ",682,NA,NA,NA,"2026-04-23","00:00:00","SCHEDULED"
31,"Heracles Almelo",671,"FC Volendam",1919,NA,NA,NA,"2026-04-23","00:00:00","SCHEDULED"
31,"NAC Breda",681,"AFC Ajax",678,NA,NA,NA,"2026-04-23","00:00:00","SCHEDULED"
31,"PSV",674,"PEC Zwolle",684,NA,NA,NA,"2026-04-23","00:00:00","SCHEDULED"
31,"SC Heerenveen",673,"Fortuna Sittard",1920,NA,NA,NA,"2026-04-23","00:00:00","SCHEDULED"
31,"Telstar 1963",1912,"Sparta Rotterdam",6806,NA,NA,NA,"2026-04-23","00:00:00","SCHEDULED"
31,"FC Twente '65",666,"NEC",1915,NA,NA,NA,"2026-04-23","00:00:00","SCHEDULED"
32,"AFC Ajax",678,"PSV",674,NA,NA,NA,"2026-05-02","00:00:00","SCHEDULED"
32,"AZ",682,"FC Twente '65",666,NA,NA,NA,"2026-05-02","00:00:00","SCHEDULED"
32,"FC Groningen",677,"SBV Excelsior",670,NA,NA,NA,"2026-05-02","00:00:00","SCHEDULED"
32,"FC Utrecht",676,"NAC Breda",681,NA,NA,NA,"2026-05-02","00:00:00","SCHEDULED"
32,"FC Volendam",1919,"SC Heerenveen",673,NA,NA,NA,"2026-05-02","00:00:00","SCHEDULED"
32,"Fortuna Sittard",1920,"Feyenoord Rotterdam",675,NA,NA,NA,"2026-05-02","00:00:00","SCHEDULED"
32,"NEC",1915,"Telstar 1963",1912,NA,NA,NA,"2026-05-02","00:00:00","SCHEDULED"
32,"PEC Zwolle",684,"Heracles Almelo",671,NA,NA,NA,"2026-05-02","00:00:00","SCHEDULED"
32,"Sparta Rotterdam",6806,"Go Ahead Eagles",718,NA,NA,NA,"2026-05-02","00:00:00","SCHEDULED"
33,"AFC Ajax",678,"FC Utrecht",676,NA,NA,NA,"2026-05-10","14:45:00","TIMED"
33,"SBV Excelsior",670,"FC Volendam",1919,NA,NA,NA,"2026-05-10","14:45:00","TIMED"
33,"FC Groningen",677,"NEC",1915,NA,NA,NA,"2026-05-10","14:45:00","TIMED"
33,"Feyenoord Rotterdam",675,"AZ",682,NA,NA,NA,"2026-05-10","14:45:00","TIMED"
33,"Fortuna Sittard",1920,"PEC Zwolle",684,NA,NA,NA,"2026-05-10","14:45:00","TIMED"
33,"Go Ahead Eagles",718,"PSV",674,NA,NA,NA,"2026-05-10","14:45:00","TIMED"
33,"NAC Breda",681,"SC Heerenveen",673,NA,NA,NA,"2026-05-10","14:45:00","TIMED"
33,"Telstar 1963",1912,"Heracles Almelo",671,NA,NA,NA,"2026-05-10","14:45:00","TIMED"
33,"FC Twente '65",666,"Sparta Rotterdam",6806,NA,NA,NA,"2026-05-10","14:45:00","TIMED"
34,"AZ",682,"NAC Breda",681,NA,NA,NA,"2026-05-17","12:30:00","TIMED"
34,"FC Utrecht",676,"Fortuna Sittard",1920,NA,NA,NA,"2026-05-17","12:30:00","TIMED"
34,"FC Volendam",1919,"Telstar 1963",1912,NA,NA,NA,"2026-05-17","12:30:00","TIMED"
34,"Heracles Almelo",671,"FC Groningen",677,NA,NA,NA,"2026-05-17","12:30:00","TIMED"
34,"NEC",1915,"Go Ahead Eagles",718,NA,NA,NA,"2026-05-17","12:30:00","TIMED"
34,"PEC Zwolle",684,"Feyenoord Rotterdam",675,NA,NA,NA,"2026-05-17","12:30:00","TIMED"
34,"PSV",674,"FC Twente '65",666,NA,NA,NA,"2026-05-17","12:30:00","TIMED"
34,"SC Heerenveen",673,"AFC Ajax",678,NA,NA,NA,"2026-05-17","12:30:00","TIMED"
34,"Sparta Rotterdam",6806,"SBV Excelsior",670,NA,NA,NA,"2026-05-17","12:30:00","TIMED"
