{"count":18,"filters":{},"competition":{"id":2017,"area":{"id":2187,"name":"Portugal"},"name":"Primeira Liga","code":"PPL","plan":"TIER_ONE","lastUpdated":"2019-05-20T22:05:06Z"},"season":{"id":484,"startDate":"2019-08-10","endDate":"2020-05-19","currentMatchday":1,"winner":null},"teams":[{"id":496,"area":{"id":2187,"name":"Portugal"},"name":"Rio Ave FC","shortName":"Rio Ave","tla":"RIO","crestUrl":null,"address":"Praça da República, n.º35, Apartado 42 Vila do Conde 4481-909","phone":"+351 (252) 640590","website":"http://www.rioave-fc.pt","email":"geral@rioave-fc.pt","founded":1939,"clubColors":"Green / White","venue":"Estádio do Rio Ave Futebol Clube","lastUpdated":"2019-08-01T02:29:14Z"},{"id":498,"area":{"id":2187,"name":"Portugal"},"name":"Sporting Clube de Portugal","shortName":"Sporting CP","tla":"SPO","crestUrl":"https://upload.wikimedia.org/wikipedia/en/3/3e/Sporting_Clube_de_Portugal.png","address":"Edifício Visconde de Alvalade, Apartado 42099 Lisboa 1601-801","phone":"+351 (217) 516000","website":"http://www.sporting.pt","email":"sporting@sportmultimedia.pt","founded":1906,"clubColors":"Green / White","venue":"Estádio José Alvalade","lastUpdated":"2019-08-01T02:41:33Z"},{"id":503,"area":{"id":2187,"name":"Portugal"},"name":"FC Porto","shortName":"Porto","tla":"FCP","crestUrl":"http://upload.wikimedia.org/wikipedia/de/e/ed/FC_Porto_1922-2005.svg","address":"Estádio do Dragão, Entrada Poente - Piso 3 Porto 4350-451","phone":"+351 (022) 5070500","website":"http://www.fcporto.pt","email":"geral@portosad.pt","founded":1893,"clubColors":"Blue / White","venue":"Estádio Do Dragão","lastUpdated":"2019-08-01T02:34:58Z"},{"id":507,"area":{"id":2187,"name":"Portugal"},"name":"FC Paços de Ferreira","shortName":"Paços Ferreira","tla":"PAÇ","crestUrl":"http://upload.wikimedia.org/wikipedia/de/f/f2/FC_Pacos_de_Ferreira.svg","address":"Rua do Estadio, Apartado 26 Paços de Ferreira 4594-909","phone":"+351 (255) 965230","website":"http://www.fcpf.pt","email":"geral@fcpf.pt","founded":1950,"clubColors":"Green / Yellow","venue":"Estádio da Capital do Móvel","lastUpdated":"2019-08-01T02:29:19Z"},{"id":583,"area":{"id":2187,"name":"Portugal"},"name":"Moreirense FC","shortName":"Moreirense","tla":"MOR","crestUrl":"https://upload.wikimedia.org/wikipedia/pt/8/8c/Logo_Moreirense.svg","address":"Avenida Comendador Joaquim de Almeida Freitas Moreira de Cónegos 4815-270","phone":"+351 (253) 561836","website":"http://www.moreirensefc.pt","email":"geral@moreirensefc.com","founded":1938,"clubColors":"Green / White","venue":"P.D. Comendador Joaquim de Almeida Freitas","lastUpdated":"2019-08-01T02:29:20Z"},{"id":810,"area":{"id":2187,"name":"Portugal"},"name":"Boavista FC","shortName":"Boavista","tla":"BOA","crestUrl":"http://upload.wikimedia.org/wikipedia/en/4/40/Boavista_F.C._logo.svg","address":"Rua O Primeiro de Janeiro, Boavista Porto 4100-127","phone":"+351 (022) 6071000","website":"http://www.boavistafc.pt","email":"geral@boavistafc.pt","founded":1903,"clubColors":"Black / White","venue":"Estádio do Bessa Século XXI","lastUpdated":"2019-08-01T02:29:22Z"},{"id":1049,"area":{"id":2187,"name":"Portugal"},"name":"CD Tondela","shortName":"CD Tondela","tla":"TON","crestUrl":"https://upload.wikimedia.org/wikipedia/commons/f/fc/Emblema_CD_Tondela.png","address":"Av. Eurico José Gouveia (Estádio) - Apartado 84 Tondela 3460-582","phone":"+351 (232) 821447","website":"http://www.cdtondela.pt","email":"cdtondela@gmail.com","founded":1933,"clubColors":"Green / Yellow","venue":"Estádio João Cardoso","lastUpdated":"2019-08-01T02:29:23Z"},{"id":1903,"area":{"id":2187,"name":"Portugal"},"name":"Sport Lisboa e Benfica","shortName":"SL Benfica","tla":"BEN","crestUrl":null,"address":"Av. General Norton de Matos 1500, Apartado Nº 4100 Lisboa 1501-805","phone":"+351 (021) 7219558","website":"http://www.slbenfica.pt","email":"sec.geral@slbenfica.pt","founded":1904,"clubColors":"Red / White","venue":"Estádio do Sport Lisboa e Benfica","lastUpdated":"2019-08-01T02:35:48Z"},{"id":5530,"area":{"id":2187,"name":"Portugal"},"name":"CD Santa Clara","shortName":"CD Santa Clara","tla":"CDS","crestUrl":null,"address":"Rua Comandante Jaime de Sousa, 21 Ponta Delgada 9500","phone":"+351 (296) 306400","website":"http://www.cdsantaclara.pt","email":"cdsantaclara@mail.telepac.pt","founded":1921,"clubColors":"Red / White","venue":"Estádio de São Miguel","lastUpdated":"2019-08-01T02:29:26Z"},{"id":5531,"area":{"id":2187,"name":"Portugal"},"name":"FC Famalicão","shortName":"Famalicão","tla":"FAM","crestUrl":null,"address":"null Vila Nova de Famalicão null","phone":null,"website":"http://www.fcfamalicao.pt","email":"fcfamalicao@gmail.com","founded":1931,"clubColors":null,"venue":"Estádio Municipal 22 de Junho","lastUpdated":"2019-08-01T02:29:27Z"},{"id":5533,"area":{"id":2187,"name":"Portugal"},"name":"Gil Vicente FC","shortName":"Gil Vicente FC","tla":"GIL","crestUrl":null,"address":"Rua D. Diogo Pinheiro n.º 25, Apartado 197 Barcelos 4750-282","phone":"+351 (253) 811523","website":"http://www.gilvicentefc.pt","email":"geral@gilvicentefc.pt","founded":1924,"clubColors":"Red / Blue","venue":null,"lastUpdated":"2019-08-01T02:29:29Z"},{"id":5543,"area":{"id":2187,"name":"Portugal"},"name":"Vitória SC","shortName":"Vitória SC","tla":"GUI","crestUrl":null,"address":"Dr. António Pimenta Machado, Apartado 505 Guimarães 4802-914","phone":"+351 (253) 432570","website":"http://www.vitoriasc.pt","email":"vitoria@vitoriasc.pt","founded":1922,"clubColors":"White / Black","venue":"Estádio Dom Afonso Henriques","lastUpdated":"2019-08-01T02:43:53Z"},{"id":5544,"area":{"id":2187,"name":"Portugal"},"name":"CD Aves","shortName":"Aves","tla":"AVE","crestUrl":null,"address":"R. Luís Gonzaga Mendes de Carvalho, 265 Vila das Aves 4795-080","phone":"+351 (252) 941816","website":"http://www.cdaves.pt","email":"cdaves@mail.pt","founded":1930,"clubColors":"Red / White","venue":"Estádio Clube Desportivo das Aves","lastUpdated":"2019-08-01T02:29:32Z"},{"id":5568,"area":{"id":2187,"name":"Portugal"},"name":"Os Belenenses Futebol","shortName":"Belenenses","tla":"BEL","crestUrl":null,"address":"Estádio do Restelo Lisboa 1449-015","phone":"+351 (021) 3010461","website":"http://www.osbelenenses.com","email":"cfbelenenses@clix.pt","founded":1919,"clubColors":"Blue / White","venue":"Estádio Nacional","lastUpdated":"2019-08-01T02:29:34Z"},{"id":5575,"area":{"id":2187,"name":"Portugal"},"name":"CS Marítimo","shortName":"CS Marítimo","tla":"CSM","crestUrl":null,"address":"Rua Campo do Marítimo, Santo António Funchal 9020-073","phone":"+351 (291) 708300","website":"http://www.csmaritimo.org.pt","email":"csmaritimo@netmadeira.com","founded":1910,"clubColors":"Green / Red","venue":"Estádio dos Barreiros","lastUpdated":"2019-08-01T02:29:36Z"},{"id":5601,"area":{"id":2187,"name":"Portugal"},"name":"Portimonense SC","shortName":"Portimonense","tla":"PSC","crestUrl":null,"address":"Praça Manuel Teixeira Gomes n.º 4 -1º Portimão 8500-542","phone":"+351 (282) 422427","website":"http://www.portimonense.pt","email":"geral@portimonensesc.pt","founded":1914,"clubColors":"Black / White","venue":"Estádio do Portimonense SC","lastUpdated":"2019-08-01T02:29:38Z"},{"id":5613,"area":{"id":2187,"name":"Portugal"},"name":"Sporting Clube de Braga","shortName":"SC Braga","tla":"SCB","crestUrl":null,"address":"Parque Norte, Monte Crasto, Apartado 12 Braga 4700-087","phone":"+351 (253) 206860","website":"http://www.scbraga.pt","email":"mail@scbraga.pt","founded":1921,"clubColors":"Red / White","venue":"Estádio Municipal de Braga","lastUpdated":"2019-08-01T02:43:55Z"},{"id":5620,"area":{"id":2187,"name":"Portugal"},"name":"Vitória FC","shortName":"Vitória FC","tla":"VIS","crestUrl":null,"address":"Estádio do Bonfim, Apartado 132 Setúbal 2902-882","phone":"+351 (265) 544270","website":"http://www.vfc.pt","email":"sad@vfc.pt","founded":1910,"clubColors":"Green / White","venue":"Estádio do Bonfim","lastUpdated":"2019-08-01T02:29:42Z"}]}